<?xml version="1.0" encoding="UTF-8"?>
<window>
	<views>50</views>
	<controls>
		<!-- MAIN BACKGROUND -->
		<control type="image">
			<left>0</left>
			<top>0</top>
			<width>1920</width>
			<height>1200</height>
			<texture colordiffuse="50FFFFFF">fanart.jpg</texture>
			<aspectratio scalediffuse="false" align="left" aligny="top">stretch</aspectratio>
		</control>
		<control type="label">
			<left>20</left>
			<top>30</top>
			<height>25</height>
			<width>1900</width>
			<font>font12</font>
			<textcolor>FFFFFFFF</textcolor>
			<label>$INFO[Window.Property(CollectionStats)]</label>
		</control>
		<control type="label">
			<left>20</left>
			<top>60</top>
			<height>25</height>
			<width>1900</width>
			<font>font12</font>
			<textcolor>FFFFFFFF</textcolor>
			<label>$INFO[Window.Property(TestValue)]</label>
		</control>
		<control type="list" id="50">
			<left>150</left>
			<top>120</top>
			<width>1620</width>
			<height>900</height>
			<viewtype label="3D list">list</viewtype>
			<itemlayout height="200" width="1620">
				<!-- BACKGROUND IMAGE -->
				<control type="image">
					<left>0</left>
					<top>0</top>
					<width>1620</width>
					<height>200</height>
					<texture>listbkg.png</texture>
				</control>
				<control type="image">
					<left>0</left>
					<top>0</top>
					<width>1620</width>
					<height>200</height>
					<texture background="true" colordiffuse="10FFFFFF">$INFO[ListItem.Icon]</texture>
					<aspectratio scalediffuse="false" align="center" aligny="center">scale</aspectratio>					
				</control>
				<!-- MAIN IMAGE -->
				<control type="image">
					<left>15</left>
					<top>15</top>
					<width>185</width>
					<height>175</height>
					<texture>$INFO[ListItem.Icon]</texture>
					<aspectratio scalediffuse="false" align="left" aligny="top">keep</aspectratio>					
				</control>
				<!-- TYPE IMAGE -->
				<control type="image">
					<left>230</left>
					<top>15</top>
					<width>24</width>
					<height>24</height>
					<texture>$INFO[Window.Property(TypeIcon)]</texture>
					<aspectratio scalediffuse="false" align="left" aligny="top">keep</aspectratio>					
				</control>
				<!-- TYPE VALUE -->
				<control type="label">
					<left>260</left>
					<top>10</top>
					<height>25</height>
					<width>200</width>
					<font>font10</font>
					<textcolor>FFFFFFFF</textcolor>
					<label>[UPPERCASE]$INFO[ListItem.Property(TypeValue)][/UPPERCASE]</label>
				</control>
				<!-- RANK IMAGE -->
				<control type="image">
					<left>500</left>
					<top>15</top>
					<width>24</width>
					<height>24</height>
					<texture>$INFO[Window.Property(RankIcon)]</texture>
					<aspectratio scalediffuse="false" align="left" aligny="top">keep</aspectratio>					
				</control>
				<!-- RANK VALUE -->
				<control type="label">
					<left>530</left>
					<top>10</top>
					<height>25</height>
					<width>1000</width>
					<font>font10</font>
					<textcolor>FFFFFFFF</textcolor>
					<label>[UPPERCASE]$INFO[ListItem.Property(RankValue)][/UPPERCASE]</label>
				</control>
				<!-- RATING IMAGE -->
				<control type="image">
					<left>230</left>
					<top>50</top>
					<width>50</width>
					<height>60</height>
					<texture>$INFO[Window.Property(RatingIcon)]</texture>
					<aspectratio scalediffuse="false" align="left" aligny="top">keep</aspectratio>					
				</control>
				<!-- RATING VALUE -->
				<control type="label">
					<left>232</left>
					<top>47</top>
					<height>60</height>
					<width>50</width>
					<font>font12</font>
					<align>center</align>
        			<aligny>center</aligny>
					<label>[B]$INFO[ListItem.Property(RatingValue)][/B]</label>
				</control>	
				<!-- GAME TITLE -->
				<control type="label">
					<left>290</left>
					<top>55</top>
					<height>20</height>
					<width>1700</width>
					<font>font14</font>
					<textcolor>FFFFFFFF</textcolor>
					<label>$INFO[ListItem.Label]</label>
				</control>
				<!-- LINE SEPARATOR -->
				<control type="image">
					<left>230</left>
					<top>130</top>
					<width>1500</width>
					<height>1</height>
					<texture colordiffuse="50FFFFFF">$INFO[Window.Property(LineSepH)]</texture>
					<aspectratio scalediffuse="false" align="left" aligny="top">keep</aspectratio>					
				</control>
				<!-- NUM PLAYERS -->
				<control type="label">
					<left>230</left>
					<top>140</top>
					<height>20</height>
					<width>150</width>
					<font>font10</font>
					<textcolor>FFFFFFFF</textcolor>
					<label>$INFO[ListItem.Property(NumPlayers)]</label>
				</control>	
				<!-- LINE SEPARATOR -->
				<control type="image"> 
					<left>450</left>
					<top>131</top>
					<width>10</width>
					<height>50</height>
					<texture colordiffuse="50FFFFFF">$INFO[Window.Property(LineSepV)]</texture>
					<aspectratio scalediffuse="false" align="left" aligny="top">keep</aspectratio>					
				</control>	
				<!-- PLAYING TIME -->
				<control type="label">
					<left>510</left>
					<top>140</top>
					<height>20</height>
					<width>150</width>
					<font>font10</font>
					<textcolor>FFFFFFFF</textcolor>
					<label>$INFO[ListItem.Property(PlayingTime)]</label>
				</control>		
			</itemlayout>
			<focusedlayout height="200" width="1620">				
				<!-- MAIN IMAGE -->
				<control type="image">
					<left>0</left>
					<top>0</top>
					<width>1620</width>
					<height>200</height>
					<texture>listbkg.png</texture>					
				</control>
				<!-- BACKGROUND IMAGE -->
				<control type="image">
					<left>0</left>
					<top>0</top>
					<width>1620</width>
					<height>200</height>
					<texture background="true" colordiffuse="10FFFFFF">$INFO[ListItem.Icon]</texture>
					<aspectratio scalediffuse="false" align="center" aligny="center">scale</aspectratio>					
				</control>
				<control type="image">
					<left>15</left>
					<top>15</top>
					<width>185</width>
					<height>175</height>
					<texture>$INFO[ListItem.Icon]</texture>
					<aspectratio scalediffuse="false" align="left" aligny="top">keep</aspectratio>					
				</control>				
				<control type="image">
					<left>0</left>
					<top>0</top>
					<width>1620</width>
					<height>195</height>
					<texture>list-overlay.png</texture>
				</control>
				<!-- TYPE IMAGE -->
				<control type="image">
					<left>230</left>
					<top>15</top>
					<width>24</width>
					<height>24</height>
					<texture>$INFO[Window.Property(TypeIcon)]</texture>
					<aspectratio scalediffuse="false" align="left" aligny="top">keep</aspectratio>					
				</control>
				<!-- TYPE VALUE -->
				<control type="label">
					<left>260</left>
					<top>10</top>
					<height>25</height>
					<width>200</width>
					<font>font10</font>
					<textcolor>FFFFFFFF</textcolor>
					<label>[UPPERCASE]$INFO[ListItem.Property(TypeValue)][/UPPERCASE]</label>
				</control>
				<!-- RANK IMAGE -->
				<control type="image">
					<left>500</left>
					<top>15</top>
					<width>24</width>
					<height>24</height>
					<texture>$INFO[Window.Property(RankIcon)]</texture>
					<aspectratio scalediffuse="false" align="left" aligny="top">keep</aspectratio>					
				</control>
				<!-- RANK VALUE -->
				<control type="label">
					<left>530</left>
					<top>10</top>
					<height>25</height>
					<width>1000</width>
					<font>font10</font>
					<textcolor>FFFFFFFF</textcolor>
					<label>[UPPERCASE]$INFO[ListItem.Property(RankValue)][/UPPERCASE]</label>
				</control>
				<!-- RATING IMAGE -->
				<control type="image">
					<left>230</left>
					<top>50</top>
					<width>50</width>
					<height>60</height>
					<texture>$INFO[Window.Property(RatingIcon)]</texture>
					<aspectratio scalediffuse="false" align="left" aligny="top">keep</aspectratio>					
				</control>
				<!-- RATING VALUE -->
				<control type="label">
					<left>232</left>
					<top>47</top>
					<height>60</height>
					<width>50</width>
					<font>font12</font>
					<align>center</align>
        			<aligny>center</aligny>
					<label>[B]$INFO[ListItem.Property(RatingValue)][/B]</label>
				</control>	
				<!-- GAME TITLE -->
				<control type="label">
					<left>290</left>
					<top>55</top>
					<height>20</height>
					<width>1700</width>
					<font>font14</font>
					<textcolor>FFFFFFFF</textcolor>
					<label>$INFO[ListItem.Label]</label>
				</control>
				<!-- LINE SEPARATOR -->
				<control type="image">
					<left>230</left>
					<top>130</top>
					<width>1500</width>
					<height>1</height>
					<texture colordiffuse="50FFFFFF">$INFO[Window.Property(LineSepH)]</texture>
					<aspectratio scalediffuse="false" align="left" aligny="top">keep</aspectratio>					
				</control>
				<!-- NUM PLAYERS -->
				<control type="label">
					<left>230</left>
					<top>140</top>
					<height>20</height>
					<width>150</width>
					<font>font10</font>
					<textcolor>FFFFFFFF</textcolor>
					<label>$INFO[ListItem.Property(NumPlayers)]</label>
				</control>	
				<!-- LINE SEPARATOR -->
				<control type="image"> 
					<left>450</left>
					<top>131</top>
					<width>10</width>
					<height>50</height>
					<texture colordiffuse="50FFFFFF">$INFO[Window.Property(LineSepV)]</texture>
					<aspectratio scalediffuse="false" align="left" aligny="top">keep</aspectratio>					
				</control>	
				<!-- PLAYING TIME -->
				<control type="label">
					<left>510</left>
					<top>140</top>
					<height>20</height>
					<width>150</width>
					<font>font10</font>
					<textcolor>FFFFFFFF</textcolor>
					<label>$INFO[ListItem.Property(PlayingTime)]</label>
				</control>		
			</focusedlayout>
		</control>
	</controls>
</window>
