<?xml version="1.0" encoding="UTF-8" standalone="yes"?>
<addon id="boardgame.helper" name="BoardGame Helper" version="1.0.7" provider-name="stefpenny">
    <requires>
        <import addon="xbmc.python" version="2.25.0"/>
        <import addon="script.common.plugin.cache" version="2.5.5"/>
        <import addon="script.module.requests" version="2.22.0"/>
    </requires>
    <extension point="xbmc.python.script" library="default.py">
        <provides>executable</provides>
    </extension>
    <extension point="xbmc.addon.metadata">
        <summary>BoardGame Helper</summary>
        <description>Provide informations about boardgames &amp; tools to access boardgamegeek collection</description>
        <disclaimer></disclaimer>
        <platform>all</platform>
        <assets>
            <icon>icon.png</icon>
            <fanart>fanart.jpg</fanart>
        </assets>
    </extension>
</addon>